log_id,execution_id,level,message,logged_at
f1cb67262e37ed4c,f1cb67262e37ed4c,level_0,message_0,2025-07-05
d2f3325d50758b11,d2f3325d50758b11,level_1,message_1,2025-08-06
980f4a6189ba0b0c,980f4a6189ba0b0c,level_2,message_2,2025-09-04
24bd09c80b080ad0,24bd09c80b080ad0,level_3,message_3,2025-10-06
417f477ab3d93a53,417f477ab3d93a53,level_4,message_4,2025-11-06
01b52fe7579d75af,01b52fe7579d75af,level_5,message_5,2025-12-08
07ee66018854257f,07ee66018854257f,level_6,message_6,2026-01-08
3996ca1508fed071,3996ca1508fed071,level_7,message_7,2026-02-09
be318b1897dca821,be318b1897dca821,level_8,message_8,2026-03-13
1d5a3df7f09ebeca,1d5a3df7f09ebeca,level_9,message_9,2026-04-13
871003abf7ddeade,871003abf7ddeade,level_10,message_10,2026-05-15
04307a1fc8deefdd,04307a1fc8deefdd,level_11,message_11,2026-06-15
57dfb0c8543972d4,57dfb0c8543972d4,level_12,message_12,2025-07-17
168d4af6c2c2072c,168d4af6c2c2072c,level_13,message_13,2025-08-18
ee769870a7865651,ee769870a7865651,level_14,message_14,2025-09-16
03d65c364bf0abcc,03d65c364bf0abcc,level_15,message_15,2025-10-18
18591623f590931f,18591623f590931f,level_16,message_16,2025-11-18
8a0c4f12f9a29ee8,8a0c4f12f9a29ee8,level_17,message_17,2025-12-20
16b3b2b6d638efc3,16b3b2b6d638efc3,level_18,message_18,2026-01-20
f4cc325110b44398,f4cc325110b44398,level_19,message_19,2026-02-21
0fafa3e497a18e1e,0fafa3e497a18e1e,level_20,message_20,2026-03-25
eaeaff01a28f33a5,eaeaff01a28f33a5,level_21,message_21,2026-04-25
10da0f65219d36e9,10da0f65219d36e9,level_22,message_22,2026-05-27
f05eaa221fea7f57,f05eaa221fea7f57,level_23,message_23,2026-06-27
4b176e8a1d6ba728,4b176e8a1d6ba728,level_24,message_24,2025-07-29
1de704073c49f191,1de704073c49f191,level_25,message_25,2025-08-30
6357a03d6fd790e6,6357a03d6fd790e6,level_26,message_26,2025-09-28
450110e4471072e1,450110e4471072e1,level_27,message_27,2025-10-30
7ee9f49f2b5d40a2,7ee9f49f2b5d40a2,level_28,message_28,2025-11-02
89eae9f8f3441c06,89eae9f8f3441c06,level_29,message_29,2025-12-04
53f7fcadc201cace,53f7fcadc201cace,level_30,message_30,2026-01-04
349fcf7e351ec052,349fcf7e351ec052,level_31,message_31,2026-02-05
74c4a4a81abe6c89,74c4a4a81abe6c89,level_32,message_32,2026-03-09
d3af6293907e1d66,d3af6293907e1d66,level_33,message_33,2026-04-09
36fa0fef17007caf,36fa0fef17007caf,level_34,message_34,2026-05-11
7751bf8d187da31d,7751bf8d187da31d,level_35,message_35,2026-06-11
6bcf364cb6f0bacb,6bcf364cb6f0bacb,level_36,message_36,2025-07-13
3dac0e7706df16ea,3dac0e7706df16ea,level_37,message_37,2025-08-14
d39828a505d96f40,d39828a505d96f40,level_38,message_38,2025-09-12
916832ece443ca48,916832ece443ca48,level_39,message_39,2025-10-14
ca53fbfe650bad2e,ca53fbfe650bad2e,level_40,message_40,2025-11-14
85c542199fffa0fc,85c542199fffa0fc,level_41,message_41,2025-12-16
31320b01feed8714,31320b01feed8714,level_42,message_42,2026-01-16
1c2c11af032e1095,1c2c11af032e1095,level_43,message_43,2026-02-17
6796a981bf0cff82,6796a981bf0cff82,level_44,message_44,2026-03-21
10efebaae2cc05c4,10efebaae2cc05c4,level_45,message_45,2026-04-21
29884a303b2a291a,29884a303b2a291a,level_46,message_46,2026-05-23
b1bae357f25f0cdf,b1bae357f25f0cdf,level_47,message_47,2026-06-23
ec292bbb704f8f4f,ec292bbb704f8f4f,level_48,message_48,2025-07-25
8723f7f2a1dfbccd,8723f7f2a1dfbccd,level_49,message_49,2025-08-26
96a996dc506ffa51,96a996dc506ffa51,level_50,message_50,2025-09-24
f4ede74a232f7516,f4ede74a232f7516,level_51,message_51,2025-10-26
a5be64793d0a4e34,a5be64793d0a4e34,level_52,message_52,2025-11-26
d2d04b3f06a5cb8a,d2d04b3f06a5cb8a,level_53,message_53,2025-12-28
2569e2f43e727484,2569e2f43e727484,level_54,message_54,2026-01-28
938f4afb14cf66b5,938f4afb14cf66b5,level_55,message_55,2026-03-01
29dfdb2f6f860c72,29dfdb2f6f860c72,level_56,message_56,2026-03-05
516b083c8c3e4d46,516b083c8c3e4d46,level_57,message_57,2026-04-05
d281fe57a3fa21a9,d281fe57a3fa21a9,level_58,message_58,2026-05-07
08cc0f2b8b35592a,08cc0f2b8b35592a,level_59,message_59,2026-06-07
2b534d742378756e,2b534d742378756e,level_60,message_60,2025-07-09
e38a48a99c21a49a,e38a48a99c21a49a,level_61,message_61,2025-08-10
58ceef372c7a99b7,58ceef372c7a99b7,level_62,message_62,2025-09-08
269fcd6cad2c9435,269fcd6cad2c9435,level_63,message_63,2025-10-10
1cf42155e42a4d2b,1cf42155e42a4d2b,level_64,message_64,2025-11-10
99312996640b862a,99312996640b862a,level_65,message_65,2025-12-12
e0c7637cc2c8459d,e0c7637cc2c8459d,level_66,message_66,2026-01-12
28683e9ba7d4f04c,28683e9ba7d4f04c,level_67,message_67,2026-02-13
1517a130777cbc68,1517a130777cbc68,level_68,message_68,2026-03-17
a3a4b6381f7d7aaf,a3a4b6381f7d7aaf,level_69,message_69,2026-04-17
e4492e29a7a37617,e4492e29a7a37617,level_70,message_70,2026-05-19
418d28d94a2596bc,418d28d94a2596bc,level_71,message_71,2026-06-19
868b983851df4d52,868b983851df4d52,level_72,message_72,2025-07-21
4aeadbd38bca511f,4aeadbd38bca511f,level_73,message_73,2025-08-22
ea5aa4d0623b09a6,ea5aa4d0623b09a6,level_74,message_74,2025-09-20
a587f8d67ddd6bd7,a587f8d67ddd6bd7,level_75,message_75,2025-10-22
f63c2bb19d2e354c,f63c2bb19d2e354c,level_76,message_76,2025-11-22
0fcc450c43fdf017,0fcc450c43fdf017,level_77,message_77,2025-12-24
1f4d9fb581e17267,1f4d9fb581e17267,level_78,message_78,2026-01-24
6530e012bde32f1c,6530e012bde32f1c,level_79,message_79,2026-02-25
d6e440ff34d38c44,d6e440ff34d38c44,level_80,message_80,2026-03-29
0459a0ce0f75dbfd,0459a0ce0f75dbfd,level_81,message_81,2026-04-29
5811a03da3dce2f1,5811a03da3dce2f1,level_82,message_82,2026-05-31
5cc676969b568905,5cc676969b568905,level_83,message_83,2026-07-01
62a9c755bc14a796,62a9c755bc14a796,level_84,message_84,2025-07-05
791120b22a600f65,791120b22a600f65,level_85,message_85,2025-08-06
1a66068ca0fed4bd,1a66068ca0fed4bd,level_86,message_86,2025-09-04
e67129d48aa1c87c,e67129d48aa1c87c,level_87,message_87,2025-10-06
5d3caded9cead44f,5d3caded9cead44f,level_88,message_88,2025-11-06
aca431a5beffe7fc,aca431a5beffe7fc,level_89,message_89,2025-12-08
ce2f1835bad3857f,ce2f1835bad3857f,level_90,message_90,2026-01-08
ee549f5a0c6dca3c,ee549f5a0c6dca3c,level_91,message_91,2026-02-09
ec23f9ca86eb0d1c,ec23f9ca86eb0d1c,level_92,message_92,2026-03-13
1f9630a2c8505603,1f9630a2c8505603,level_93,message_93,2026-04-13
3c160479ef737900,3c160479ef737900,level_94,message_94,2026-05-15
3324162cba125bb4,3324162cba125bb4,level_95,message_95,2026-06-15
964218f179d9953b,964218f179d9953b,level_96,message_96,2025-07-17
399089bb34b4600e,399089bb34b4600e,level_97,message_97,2025-08-18
e861d3a8ae1005d3,e861d3a8ae1005d3,level_98,message_98,2025-09-16
45fde48d870186e4,45fde48d870186e4,level_99,message_99,2025-10-18
